,Redditor,Count_x,Count_y
0,b1a3a59a9bec279b94aeac87934d8c81c763aa1d4870cb2a83056958c07fd294,1179,12
1,88da919405c999518f74a715ee34d038a2c006bb007c101f2ea9454bfa31fca9,603,3
2,26652eef673581670285723108bda64f0ffa5504b1aafdac0a598369e10c9198,349,1
3,9f68ab0bf7337b87b3210d4d2980a6559a34fdc2bf43b23c1441474ed4f9fcab,190,1
4,1be4be62f69e038ca812c8f7d0d98479495e7ecc319a1d1ecfcafd73994ad1b0,186,19
5,713c6d1954e38463b0e5429ba05d1a45d137c6706ed85514b4f5a91d6e2cc211,173,53
6,6e74ad0ce6c4ef6d995affeffa46eb94567b532e108c5dd09a6ef51e879c90e7,172,87
7,bf670f9e9c7a9326421248d09d35094d94ed0eb51b1568c4c72ac7c00d34a049,168,23
8,b0cc008d4a8fbced52183219ef5fa635511090d9c4cc653a5192553ee2287762,150,112
9,ceea36e57c91226878d40b1e0ad31f8a6f2c1a9ec9219bcd1d1524261cc08fb9,139,25
10,2caf414cb95e3dadd07b9da56fdd51d6793fdaf97b6a7bbbe9ac01093baceb39,126,158
11,dae98f8042198986121d26be03b0caf0e6c5ee0a949cc3f3fc04851a7288785c,124,42
12,226d875d27ba56463bd0abcc9629aecec050fbfb6aef75e3e7d552783170045b,118,2
13,4af86157e42fbec5d39967ca8d37a1790d84c4ad224502b71757dda492bac648,116,37
14,05bdccbdb7d62dd571802e155300dcc76c2bcd20581a371048c53c6244ada6c4,114,1
15,5e5a3ffbbae30bc3298695b8f350733f6d316acfd254a3eee67deae52234b393,113,1
16,ac31a11084d41deca95d0664d7b6aeb03815919eddd808b032a82edfc1eeee41,111,539
17,e23614be8dae3399aa6ec2b681e96dcaf7baa690a550cd76f465728c3783f666,109,28
18,c2578efa86f9cbe6454ee010967ef6ed269016c1f3a614c91fcfbd6097b3cee3,105,1
20,b32a802d7e3fd73363cf24fa3e0642853f0fd06232eef7547605f7d836bbddb9,104,19
19,9c12ce442923b62dba3a77e1beee6d4704589036982531b9525e9174081f05c2,104,11
21,935dcf2b94c55a44240b4156bcaf7e08862ae6603b2bff0bcf353ed3fe9d6ae3,98,40
22,1e1ede1b59d4b00cac29cd9d5268b04e88ddf2d7a0fff65f5c3e753a0a641e21,96,21
23,3ea78799a044ec5f5541c05e5600524f5c1b2f5cb9a505e4503a8b03869de867,95,3
24,3338b9174c6111abba424c2a94f05f6f041575236fb27b4eb72a57f310d2292e,93,10
25,922b44f1ab218ebe7dbdfd80f1cfdef3b1a0e61fea3a3f31cd1320d26c8e5e79,93,3
26,b9bb91322c8f34c7fed4205d2a19440bfcc07392567764bb7e6fbf6061b6867f,91,7
27,1a3886e79b2f0bc43757cb8b48fc140d4ae80951a9ae2e8dc7bdc74c165f215e,90,4
29,f49a6eb89ee5d8e633deb63f3c325b4c311a86276720d1debcea31f3e488a32c,89,5
28,0e7cd06c28af81a076d6505c020b7c301cc1c8a00172354441e3070e248cc6dd,89,3
30,205434de3f28589a71ebb2474786e55bab5ba3538fc319f26981b249115f8270,84,50
31,95e215f5a8e499f2bdb3432c5c39f0c3585b073b166b45b78d1465bfe5583a62,81,109
32,e23394657a619650f4df6b8ab850eeacd279264be0869964593d2dccb51deca8,79,4
33,d36c29b7359c1a7f0b659192a2afb690c2314ca155948f1442135aa5fbac1dee,78,12
34,e62b9353c338d2ddb8c1d094aee2792a7cc97a27defaa4a5765e8b35f9ebec6e,77,1
35,9addfdd70efc7592b8f3aa7f1ca114267cbf528df4308331a60637d019ece0ca,76,19
36,86f24e0a8f1140e3cdf50be217a8525acadebbe89fd1fc60be625880897e9be3,76,13
37,47450051742fe472be4da2a973001150cff9b10b3cfb66f122dcfbe89bb1b727,75,29
38,2231efb658fb429bd4c1b658a6c780b93c89d44542caa45696e598b3b90c17be,75,28
40,ad4026f9a9d9979565751d674844186cb1f7634ff6b383de339bbe74b83a28ac,71,17
41,aaf85ca25399fadc23397016a57f850c164c42cba4c994767d0af5d9333d1acf,71,2
39,4772247a4669730abdab9b8def08cd383340627a3950f8f68f5671ab9d8705fb,71,1
42,e37f12987aa58f5a69d81e2252832510dad0eb901087e4d82d9f89f46813ad83,70,57
43,8c948a2bda75c3f6d1dbafec29b7e36cd8528212c6f4030ad1877425669c366d,70,2
44,760c9a1d389b35dbc4823559c4798973f55a9f7274a2c3c8caaa6b937f17b0e2,66,48
45,6550ae555202c7cbb6f1bbf794b1bb271960cc8435a66ef153ea9d90b6b05d07,62,1
46,e2dad0790bda08d3e8c2940740d2a2da8855f82aaba7d13a9f6374c539ee041c,62,1
47,19cde66a669b9173423ec9d8be04b916d863f9b08f5d0c39856607f0783d7373,59,16
48,26cf9a8e8d088a3ec5d175f916003d1fcbb06f969c7abc6cd73a208cb120454f,58,62
49,efd3347d90c424c2d05e40cfb6c7a3f0e0eb5cdfa447d87f1a321c129e641d2e,58,7
50,a86e6eca54370f85dc99327f1d18ba0228ce9ac7670125e2d2f5b100f2cac7a6,55,10
52,4ec35aeb40b8c56fb9fd67f4b8e5890c0813593f336ad46e2f5d43872974b99d,54,71
53,0d909bf20792a14f1ee62cc767ded138eca57bd9d3484f0ae87a1387e68aad88,54,17
51,1810ac25e91e53593c834c50270c96c5bf3fbcd01237130f005cc247d90e252e,54,14
54,9ade498984d722f4902ddfab04b0321e5c6da0bb0db2ae69a619f96f85176991,52,95
55,9342d2a20d1eeec1d8bfec6bc0519118051aa2b8cc88a6ce761cabf13779beca,51,48
56,47333806b6a5a8f15f54dff046b9b45c6ba6c795acecddc55d79dba212276753,51,24
57,8cf1e8f84596a65fa233e2423076fe979cc5e096207679f4fbee4ab1107dea37,50,1
58,c37d7c038e8513ac8c7888eb6f16f739889aea61f153ff17d53e31a201191cbf,49,6
59,989e232b54b1297da32c333ff63faac16e2316746467fd7b2f4b5cc430d9f561,48,75
62,1e85efc03827b9dde9651db09f9e6b1a8ed3c1cc360d52cfdb31128b810052e8,47,23
60,ee61eeead17384ef2e70a026e2e0481ed6a198905c5fe8d5db6d68321c37f4e6,47,16
61,5990d9e639ea321f390c64b84af81c180e7e8e91f7ab853c30e5f7a5cbd1b142,47,10
63,4f600a21619d24d34f89856975e20bd709b00c2390677b58504d9dc69e10780b,47,6
64,986dfe846382a12b23db4c49b14a5f951d13d6eb1dfce6ef90fb94eb273d240d,45,5
65,8fc0384058bb377f352f4dbefe934df26538471c5880e295f87b9000cd554b03,45,4
66,48c76610daa16673305552bf5fd9f043f79f503d9125078826015e47d6febe4a,44,64
67,1bb8635cd170a93b4320ce7c54d779402b513514931ba06e671d6a9ea466db60,44,18
68,2bb13ff04275e5b4f3ca740acf50d36f8888c31bb5a69db6fd3e187843a6c245,42,7
70,caafcf0af565c2d1c8d5c949889e333f38c5c2b3f887bf7abac3b61c2759d126,41,25
71,188792dae23538547946163aa7c56024d0dd3f8fe4fc4f16b372535cad357d7e,41,14
69,acf6da9b97829ab868f91e7d2a9da703efc19b62d47fa21461c88329b892cf2b,41,12
72,0352866d4837cbbc4ca4694b0585c77d8e670a34481b4783f7b0af58e410aa63,41,3
73,2134bd58ac46699e152f48873ae11ef602ade4916ae3d523ce9e6859060a3c90,40,24
74,5ed049576b558b1417a365466da1a68dc3e30d0810610b1b03c8d345ecc620d6,39,31
75,8d53c98f0edaa194f1ac90ebd7596f7d734114689d00c66a85087fcc651a4fd6,39,6
77,4b0e480de598b9ce55e275abbda1cac0cc6e8d0726b831eb1b20d60dc36c4f00,38,10
76,88310207845ea9846f769ef924737668a7a175707eb71a63c90f6a6854218850,38,7
80,26d3d8a49dc6fe95aa4441750494b26d9e5e1d1a92af235555190616e3e4f88e,37,524
79,5e5b510428ca20619fc05dde4f31936ff7be25a337f2352d4bb26de1b1971b0e,37,7
78,7e530c49c2d34045e92c3f77a968555bd809c3cbe927043f72d874f54bf7781a,37,5
82,09b31d2b088d9a81114445507ab6379425b93a25b35c562812c933c9e3047ccc,36,112
81,cdde96af9eb9f9e5eb86147ed18a9c4ad754fe639be30c04e9f0e68de8b25faa,36,3
83,ae77cf6d4eb9b2b8c13b95a3f7491c95dfb28f23e20182bf6b7185abfc3e92c6,35,9
84,a1f5501ea7f098ed6785e4b05d14e7b04d3c1ca4b45b1f72393a12fffb52fad8,35,9
85,d1f6fd7095e4d0214012ee25b684a034c21ec66e476cb502f1f9769399a108ad,35,2
87,c20816a41dc17d0d61821d94d7e3473faa1c170e1ad6fc51ea1ecf1a8ebbd8f0,34,4
86,c062bc9e3ab4c1b99661f809ba42565e1d9e802cf6d252d1d15fe3637cc5ae54,34,2
88,c8c90deadc84f6b4d2585c276dbd531bfab8971c590c89d77af79444ea79f3b9,33,24
89,d47e8d3e01715e46548c821d10a70990b210868f6fac8e05ad3a8103051bbc80,33,5
91,f1421903282a5e5cce4558f523c1b584665c1a65ef830b0875f1368ddfae5f86,32,106
90,3f336db5f1dea313cd27cadc2c6947581e5d81ebd06453fa557c3b8ff20881c5,32,5
92,50d3caaff0077f7a368a5022f5aa7917041cfd146ee0ca1cec840dc96a3d2594,32,1
93,a45df2d74e0a0b912fc2f25de930c5f5713bd132fe4cc9620aca3a86cfe2c104,31,14
94,1368f1da14df04ea9b70642f64ff1beb6ff23f1844d83a2a7451b2935e5d104c,31,3
95,50a63bcd40cd8ab3331495ba89b3f8cdcf2d3ed370704a252c0abc86c9c17a0c,31,3
98,505a16ab7fe82f559d56c97cfad0e777919f3e1de84c2003d608cda67cbdfb7e,30,15
97,12fdfef0e6a20c6e6a659986bfc41ed76ba31754605377d9b32c42444e81a7f3,30,14
96,3394cc32ad23b3f43466fc4907de4fc60b8ee7ebdade4618831c0964c5a47e21,30,1
100,c3ab364b9ee64c4c1250a7f0f3697dda288c747188f6cef3b15c28f57cb25e32,28,28
99,ce196e89b6a79cffae01d0d86ed3007e6d8b5f93b0b93c5be4d3aab4b348ca51,28,12
101,4d9cc0c5090e21368df0c432d9d7d6f6e96c277ed551b34dfb743ee660966fdb,28,3
104,b8a56dc3d631d565f16ae7ed5ecab0f610ef7d17dea89f9f788fbf6ede3d270f,27,135
103,111e8f1092397f42e18c9e994e3de0e421c7251a3a6ce1ce0a1b835c01bc29db,27,48
102,3a3bbf16d7e4cae000e5ad05a0dd6c908e5d5d502b31fd9ac44474992a9391ac,27,38
107,1113b022ce8b767587322f753c23a780fb9b93b34fd9adfa3c95e095ff11c92b,26,59
106,a6577fb0af2ca180317fdea2493c14b34fe248172d44c58d85016377aba19080,26,25
105,ebb07a4a26224a70257807b6c866c524874a270761d85dab8edd6b01153c1e65,26,1
111,2a5658fab6fba2adc5565a0198a7d84567fe0468627d66736b509f04fc5dcc78,25,18
109,43d0b4ed2aa49c95ef0e224a14b2cc99ea98c1dcf38793af4b7efd5c38676f0f,25,14
110,c9e4482dea023ff1b38c2ff2e2e1bf33d315729e43203453122e8ad9d42ede38,25,8
108,c34a729e4939cbf0af1e3d441fbcd47c4ebac98ca819769218a91fbdcfb6c46a,25,2
118,9615154ddc0ad3c0904865abeec9012ce0626a4a83e7c17626ce127a3bd5c1f7,24,31
116,a3a44bec81b71f212c0f4f87e6bf3f3c91941ce05642e6393a9bddae648b1a6f,24,28
112,3ec9e19b6ac4f37c946c255e7d08ebd0e18f2be65abe70de22c2e3a0ffad173d,24,17
113,50a94fde1a91bdb4e3eb648a50e89abfd05fd4bbd580c890ae1a65e46fe778c0,24,4
115,dd386b04dd1b9f2b24adc10fe0818a5780376ac42ed1640c42bdea63ac32940c,24,2
114,54253282acc0fd9dfbc616f38ed91e8a9f6f0b1bddf782de460853ee1c244778,24,1
117,3ec21ac609c9b757a9fa551c1bb359a36898036364a30802e942427fc08b1071,24,1
122,be8ff8eac2503918ec82acd7a5bfe2d45de1c57e61ba7d92f09cf05347d2760b,23,12
120,531e8fcab64ca31c9bb40e19105393dbc3ddd77402da342b0c46d8a2cfa02e45,23,8
123,6eecba1d84752fc120edaf3a09018e30bc7b5a433218f11d8cafb65a4f63b6ac,23,3
124,0fec8a8bba2f7480499b4ed87c06e3a03a1a5c049d9f7d40b9cf4946a262beaf,23,3
119,c4acf585d8fe00bf9a253e1949419e3ca5c7daee1f9d7b9200aff125aa8ff251,23,1
121,4fa61c02a361b716c11f600dd3ea1ea8d89990acf9852414c63006256458ee8f,23,1
125,913c775ec44d69efa018f73f4382759dea1ba119c715197902cf1ea08263f42d,22,461
126,3ba118be201fe851840c2113b1fbca9804bb03556d74b71434382b94b405c91a,22,246
129,bd7b2fb73b78f0462ae3da5c489ff31a3ed22e2ad65921dd4116f6c42dfb8bd8,22,3
127,357faca91bda5e3216df7d97d0215e3773284e0525e718454d18435c83db30ea,22,2
128,91978becd7b312100eb2f8449055d49ad09fd96b52a43841136998925cdb0143,22,2
130,d68a0aceb442229f8fc2736b25d72d5c1ba9d1e9a105874a6a0da8d9967bed88,21,35
133,d092ea768737c9f9e00b81d6cba004c996bb0efdac3c9193a9e191c45edb447f,21,15
131,25e7b4eb0efd42f4d3167649f4233a48ddafce6b272903ee42a0c29ac5b60917,21,9
132,c7245ee41232602b72dbb57a09e80aba0cdec099fb7c4a5c88d8f59d162a0630,21,7
134,39c6c4d8a3a4b8a3aabf280fd2325afd2eec54b86e5ca98a14b0e86ad9072086,20,46
138,8b7dc8296fe6ef14c8b63a2ee98a8c6b571d50b5b8ef364df71580105b052ebe,20,29
139,bf165f6fdd897ed48e21f485c9a6675c970e3991d5fa3ca325af4969f9767c5d,20,19
141,899d7328a90e8e1fd12ffb94815c732d92a294666cbb38d96e58f47cd24d12d2,20,6
137,da796b0b8d8b477cc5145995ea0bafa62602e5d95af3e1b58504d1819ad87c7a,20,4
135,d28f9b91a0ed06923565e686c18343b4169ae9dcbcd9d6113c79a1f34056a422,20,3
142,de447cc6dbccb8e038715956bb1f2dec8b94a921c03cb0d86f3173975985dec4,20,3
136,e00b997bf8400a9b6c2da0643d372a7caf55f1dab005cc179ea8754838c91ac7,20,1
140,498d2a9214bc9e607338ae3d27aa39bfd4fee7760655b1782bc6a8f10a308a63,20,1
143,a821c7340a1d75bacbe649a60abcbe36a9360f3f3a91e4778a77d118de14daae,19,1285
148,83a81a1cea83ae220bd7e2bfd50f517e894f614b6eb5b184b0269bad4815a853,19,43
145,5569594c809e92d9a361cdf850e86e1038d03f049a49b77dbe50987a63866925,19,27
144,696aa46e33d4bef505ca22ca29c390a883b81bbcebf43449c05b4203f907da96,19,8
146,3b9877d28cce947358fe0168f94c5365f33fd19412d50bbbeacda65feb1f05dd,19,3
147,9bce42bcd521742e1fc12b8301269bd471919cfae5745d38d43625d280a2562b,19,3
152,8c09b12bb144e4b18007999f595f4249ebf76880664252465da2b367aeb03883,18,90
154,c2e7ea84fdfe5aa6c202e9f3545f6986c60c560b02aaf1355f2a8ec2c38e55fc,18,75
156,2bed873535c0f26b7ffad1f29586d87b6e18f1b3b4d56ef5a508dc441791eb29,18,72
158,62872d2577bc876ea75713395958839071a25345939842fe6547944a70fb92ff,18,43
153,f2b7db8c25acfed4638780e537ae25c3a319e4ba08d5c8bc0ce4585c0469a021,18,25
149,c8e065cbddae4c13ea15a0a9534305932b2d1e1595dcb1acf094a94e4908c962,18,4
155,64710b3278eadd8c7f0477315c5db15ef12bf4af8a2c95eeaa4b3ef9a3c24758,18,4
150,78f71ed9507244ca91ea81acd97b24984aa8e3fc2d07461fe2a3ce9887beac3e,18,3
151,3e8f402f1fb4dee3cecdbad3b804a7668f537dc8497a5f411816641b8213f2a0,18,1
157,6667140508fdbece904958923a567acbaf11550d5093e3ce40e94cef315e34e5,18,1
160,9fcdb46ec18b1a8e8089fb38c8aca69cf2f017614b53b5c7c477297b299ea69b,17,85
164,740af89e0f7021fbf9a967bfaaaceeea1cf012e5b4be397fe7d6374e61ff872a,17,30
159,789ef9dd0b5aab98362d7f68effb362711e43ea640f59f07b8fd80557a5fe12d,17,11
165,96b834a99214953bdf7c9ed4096139c2d25e4b75c7a2fce54c014bcb952a2f0a,17,10
161,268c67d7d6a05b7d164a136dafc8c9c30234edbec01f3d90d51a401d68533cbd,17,5
163,c20e95c277e4d785391c58c9f4e493f3a04499fb551f146b24ce48c6c0cc2936,17,2
162,a1920f5f5dd6c7557a491e8395349cc17f3df2e5d903c0b5be03af92dbc9098d,17,1
167,9d8be31348cd9073b5ea67d44009daa47be75e5aee4d639af2a96a8c30e3568c,16,41
169,3a9905f327c236048e0b604d43c8fbb9669c29e39e3508ed242cced2a668804c,16,31
171,73ace0483c1b783afd46f0e4e878c5b170ddfb8799089ea0be9feb7170e8cc71,16,13
173,5ef780d4ef77d72507044ae14f21765a3c58fde5e01b7e1dbfb32ce9f9e9348c,16,7
166,4fad6d794511df44e85f7d230399d16be1f1aeb460c47d858703a002d93429d7,16,6
170,674e497f02d67e20d3ff62589aa62abdab918c4874c9d9698bb01a1825316fac,16,3
168,42ab55b48e68bc9e7f60567a9923623d79c5910332c66cd89475d87ab84ddbc7,16,2
172,fffc8f4c45ae651bdb6662e6b44595c050ac0b6510fda91cee4a1a7120c9aa3d,16,1
176,50456d17c54d903daef3ef28fe946998458ccc521736e7e19d75d5070a1e1e4d,15,4
174,0abb944ffa39649df01ca9fa148cc481ca953ef4b61e6078fef2aa60f2398678,15,3
177,150f0d1defa2620795b08b132450f9b91d837544cd8e65e1ba5bd5181453e55d,15,3
175,7706e8ac59f5e31e8a3a8229d5f696b2d65f8441b62f5bafbbd3bd839f7afbf0,15,1
178,7e55fb3e5a826149dca7ca5d5680bb760f15a609554265acc4471c2cdc6eda47,15,1
179,4d50b489139e4fd5d041db7c7dd2c58fcf9ca0da34a95913c7ddc1dad6e4e548,14,12
181,363b5917a505f2a881efef4d4d317b23988f43633b464c23205ef0ff8db471a5,14,12
182,abd1e6fd244e63fecaee8a3f6894e9ee60875650e8d15cced1c95420417f5bea,14,11
186,ccf1d7b674bf1668331849c1c156a062c4a427b5ee8307918c2f9b841f85e9f8,14,11
184,d674ef5227892c7fdf6cd5833f1adbceebd18e6b7b7d32cb020ee56a5d4488b6,14,8
183,ff8a29aa2a474162aa267b03047b9b0c7d23fdff1f7a23fc89dc5305ccda591f,14,6
185,01c56224aa39976c2a63425be9ada1be6d01f8ddbfd3828cae85b569ac3e628e,14,4
180,ca5a85e185f87ddc73c4f9ccc66566dde6769b51df6ef34d1b3eca54c72b981a,14,1
187,d23c11e656760e6f4c731e08012be011aea753db7424ee1fcd9de256bde99e8a,14,1
191,dd883cce1f65d6ee925fb0632559f4e63f1122821ea0b5ba883994ccaab2815b,13,103
198,c578ba53cf833c7444b89913637edd4938e61bd807b5ccbeaff17d1814a70157,13,76
193,936fb36ef9c0959c4a3d10810861f8c37e99490f2d76959551d358b166398d08,13,60
195,f07c288732a986b74a64c6caea1cb8967c9fc614170dc3cde24f7bed00aebd47,13,48
194,ac2715e80c2bd6e69f2d9a9e2cef32795e5c698b574bf0f26eb1092416bb1cfd,13,18
192,82e450548eea8f572101823937c2c4f03016149360ceef92ab25f642200764d9,13,9
188,a5e91512387ed69e61d3607c1da70fb6c84da549e3104fa0ecd41aaa68c671f6,13,4
196,313666aba24172596e8f975938342a6e85c4448a7af9dbc120d07e53b974e09e,13,3
189,03fe5d5ddd29d4df0705d08f81c3c699b3dfa4903058598da93f85c32d38c91f,13,2
190,2fb4bdef2289295ff1ad297e326bb3295a5261bed6465de7abc9ef138abb29db,13,1
197,64d8a1b28c185da9e3c03f5a0018905ee9b310ea9acd675cf86374d529ff188a,13,1
200,60de99cf3f242b0a51ad883d503480a52503e660ef79f4fddd5bbd414e607772,12,55
203,ab6ef762d689b47f740fbf69d1ecae28aaa013976f8af4bbdbccd372216b2f99,12,17
211,984c943dbe6fcd8e7f0fcada652cc51ac5abfc3b7074c90c1756e7949dd81068,12,11
199,8f7407f2806abfcfe1ac70c002c7107e480c65f7f9826eb84a4a03f86f7428d2,12,7
205,09718d13143272194d8877b7582b33d50888d1346fc0c86646cac8ce096f1281,12,6
202,e27c8012ec7772ea1d1bbcea2a3339e687fcace44aa96573d0739e64111d66c1,12,3
204,797694457e73b73d87471157d069cc14c5dd6c9dc095c5196c62ded4b4a1900c,12,3
206,6ffcb9dd9fd986f93c7b376df26d630b10d5eb0a46deef88b1091ba98b3da1bb,12,3
208,e523a2461aa12825d9a362c04b4d4a781164503e9464bc116c301cbcd4c908b6,12,3
209,2044afeda72ea6ba17a73de4a6b23cadfff2fc3322b6b2a0c0f26953f001895a,12,3
210,c6b8f613feb951cded1ec8d80e2e28a2606ed898b523415e85148f3a339a609c,12,3
201,20562bffa8ade9a96ba85790f683b0b5a0714064f161ee55289894c587051b4c,12,1
207,115771ec3e3f118064c80a924483f7657d17aac72a0ffc2808f79f0582dd1595,12,1
219,4c97f8ea6b03525b125b28b5c0777f7d503b76254405634955d608457532b113,11,31
216,0bfcf64b664d6404671f26cee6d70e1633632db11f8cb8b57d55c32cee303e38,11,9
217,80c2f996f7d2314e8321f43ae6e9cc14129515234b054f0b0c5cd979c2add023,11,9
215,102ad1dd10d3c542b7f83d2a35521614bd4b21b85c16689d503ae6906b3c6533,11,7
220,f41ad9b75dfdf17749b4bd389775fa1f0769db873b2b6afe5d84d30606db26f3,11,6
221,50cd8040bdd2c74a99584d22609a1626509d93b1292ae5135273a093e2cba2a8,11,3
214,ae742defa46ce0e3475745641a4f6f3e12168d5a5ef6526bd795972cc02529fd,11,2
212,c4f59e50e657044fca363a690d1999f29afb2858d24334a3add67fae4bb69475,11,1
213,8a653ae46c0119ae4ef51a53d33632c6b962168c7bd9d85e60d276ecf81e162b,11,1
218,b3d1d22bf3fcfed92be3bb3223abd549b91beacf88ed538b07c170fc0c29f2da,11,1
236,72799c01526ef0744ea7629478b5762a62e911166d35baf03afcc22a788704e3,10,167
224,24a41fbfc6f08c82d258fc75fd6981d84fae71c9a997b19d692c24fe1a894e7d,10,125
240,fc5a3d57198342b85219959c78fa5b578b97df7d1aa373647984ced677502ffa,10,84
234,e88fb0db1e973ed180d6049044dfffb223cf0380e4b165027bdadd36fb46ebee,10,64
239,ea4eb638504f310ea8df1c9d3378e40a87dc2e7f7dc2cd5afe41bd53c429a443,10,49
227,7729839c5c2446d987a20a7a7002e929a23355da0c261fb63e5bd0e37c433e2c,10,39
223,9215f6f7cd6ce345b07c2ea6ef598c8748cb73b179efef836af44436b0f62dea,10,20
225,e0788402d2781d1293ead7ca3764128626e05951031be67650b18e0082d699c2,10,16
238,c7a29213598dad1c33d5d29d375fc8d991d581fc0811c353790f2f4c8a07f174,10,14
229,ff64849db4991b4dbe224114091095a4521735ef1b40fb8af50518a49036ffcb,10,12
235,05377c9be7794c768c716fd015bc61ae7d347347f50cde707082cd48a9136c68,10,7
237,a3f931e7b7a33abba66279f3bdaeca9c91f5f2a3315760372c0e577247bca9f6,10,7
242,8d884124b03e4957f31845364dd945c56421b2aad661e34e2ecc71146fc595bc,10,7
228,5290828fc7541c6d425d586de396a1f8f31502535294801c588cc1bce63b8172,10,5
230,d48f58a601a398dc2e9e0aca57c15f8181001fc3c567992579dfe8ae77d2b8a4,10,4
233,767f1cc8771d3c26583a8b23afd110c26f17c97a161a0754d0e3e0796e3020ae,10,2
222,b33b2aca86baa2a33a7ac5100ad36ca1f7c7745a68fbfb826a230181e207a222,10,1
226,8ac0f5158b134b16f6d89c4e487d97377369fc4e78e9473c9df798268d56087b,10,1
231,e5cbe723ff1c137cf60bee9c47b2d0a7acd4d9ba3106da3f47ae44b9f402484b,10,1
232,700d6969b5a492a8b847d55b36ce17ff3563fb384ea7acb2d4bdd1a5fa71811a,10,1
241,921771eb4fb9c88fc8a7baa6538b147668d3ee45d140fb57ee7afcc7a986abbe,10,1
256,2e0ce2a96342b02c7059d6ef8f0188af07dccf61b571376078ac86227625ba5d,9,97
250,95224968ebfa340205262277a42ee214e78665e791980d49d64b0125f70aeaed,9,45
247,f1269e182a93f6f997cdc59acdd3a1ea9f84c9276a702d3f17e51cc95d5da8e9,9,36
252,c8f7a6ed6b16cc48223b6f01879ea10ecc47866a0efb0682c3b2d575d8e7d3ba,9,12
251,e114d4c72ed61c4edc5eca1166e35831192534984aac6deb990893e8fe34efcb,9,11
249,9536fa83d52c2a709dac593cc92adfcbc9743b9836bcdc8e654a16ae856e29c8,9,10
255,1493cdf5b54ce9624cb3b9b70a69d9dafbfca50617453b9593b61447e9b89c80,9,7
258,17e92dd9a7e0fffb072eb7e60ece3d7ee37a4e292902d419784e0ec253078815,9,6
254,cb276db581f57dd6def9730501aede1d022f5a803c9bd44ed222c105752f616b,9,5
259,fe3a2c81125f673347645fc06f753568715600ff64e03b5cdc36e96c0172dbe9,9,5
253,d8046dd4b434b9e51074b4244d2a8cb446eeabdb8121f0f80afa29b21edcd9ec,9,4
263,7f9661405bbfb09756499366c0a6ca30bebb3a9620e86ba3e42ace3bbcd06167,9,4
264,43a7176f009adfac2c4635cff1fda8683365c41fdd749e489f24bd148d193f35,9,4
243,924722f315928614877a4d566d76cc9632d51c5a9e186f295199cc2ed06a8ec1,9,3
245,aad585f9d65ecd58bb43c646d3caf25b07af404fc9ea82e221d0781e4b5ebf5b,9,3
265,f1b3d3e8ec18e296081e8809a1c779e6ac81f9b6361a4db9bc75e3ca1bbfda4b,9,3
260,9eaa6da3915322de130d31fb44d144a1bf8ad8fee4c68803c7a7d6536739ca34,9,2
244,acf9205660a4f324641fe24e8a189d36d3eea3e7025e5b18fb4d136bcd183dc8,9,1
246,57c0cb64975aceba7b1cb5f230e7dbce7a2f9be8855fafd73bf681cd916c7f72,9,1
248,88faeac47edc211d88f26512831e29b9715074141c59a7b68cf6d08711c4989a,9,1
257,11da7b7eb67a6a7e1cc98a7a1b12a228d7ea52f33c9e97f731a2d7c28eb2b5ce,9,1
261,a6da5c5056331dcfdb2aeef1510e3f80bdbb163998c1fae3e9d8995f5c885db6,9,1
262,99c8db0cba7fc297a791f4fa107864a55984ff3f3d6925370504adc62512d6d7,9,1
288,1ef1492886d00c15b96c8e94e7a60a5ebe13195b80e1648c156f1b5e0b762466,8,53
274,752c241e0b6cd10542a9ab78ad31254fea292acc135378e071bd57429fb0abc6,8,52
278,42493b81c1542ca96c274b2ed74a6bceb1b1b72cdae5096759ce7c34d598577f,8,29
283,d28f506baf64dd9845118e980b7caef7a71a5e1754781990e313a95b4aa90cc6,8,25
289,868166a37f8d5bb872cbee8db08f94f7bcf70a48650e6fbf3aea122c53aa8db2,8,16
279,40f2df53a3bcaefe2dddef9e39dc4ddcb841bbaa811de7d986d750cb654704b1,8,12
266,c0915a37e2374f965b56c015a7bfc061c1d6d297451d109cca5120f1e28d8ec4,8,8
275,765c2d4a2c5c65d6aaa98899b8e86c70fc1be5e7f927fa0e7f14e56fef46c4d7,8,7
268,c188d5a71c8ff5e9c0bd9eb6522e17fb2f08fd1dcaf5a1207863d44ebfbe409e,8,6
281,4ced60481bf7cc9f3601df67c4416ccc2e7c0f25b7241a5a461f5fe079f0195f,8,6
282,97692275e24b6e230a7d75c461764e031d1837fcc14d5cf749a4b8da4789a669,8,6
267,4054cf9ceeef1d6eacbee5ee452ad5ba5ff7be17992d346caf2feb3a6f930402,8,5
270,b304c3a7bba37da7a2ae4cc699e630e03367476edf8e9b01b4b27488fe8deb56,8,4
277,b001568a4a877f8ccae1c294050f33cd65cae6d2488297eeb5d391a9a001539d,8,4
280,d07b216a9fc625aee58e6fe565d5c0a1a74490c694d6f4faca63d885a2de3703,8,4
271,6a54a3d93f533dd06ecaf4435208923d1922cd4c19216b83986c7d75e5616ebd,8,3
285,e0eb823a8ee9514f8fb00b6fe046ae93584135f41ef90973dca3dfba777b6907,8,3
290,5053f86ef439f9d6608243e08a6c536423adffe4fc0a15750d964f1c1bc28b14,8,3
269,27fd1be2ab91a749badf4b6875defc5b0f6fe18087dbfd9954c1cbcfff763a2c,8,2
272,f50e3f79290067af5647682777335f2cc7e587d1f1e945bd69da46ef496f60f8,8,2
284,23847b9e649e0001f44993f8def58c54eab1818a03d63ae7dfb989977f4993bb,8,2
287,22aae0ad4a3243b7551ad8cfeb3a37a0d7f1f0e2bb5ea9e6db748156b5431e3a,8,2
273,1edc1cdd58e51c1a3e4556f0b91b53de588c9b6e6a71e8940eb1978758939e5e,8,1
276,41cd9d6f6086bee259662a46f9b0f3c37bbf36d11f11e0918652025b679b3772,8,1
286,172408e006a6b2c4467945fa30577f8b93f02c642d3cdf273767456dbe4734f3,8,1
303,b335d72cde5c25f6a7360c45885a37a96d995b9163f4d5cbe55bbc9284d8eec8,7,415
310,4075db400cf68d0c67d9377e6e71fdd72ff5276a6331a1655f7864373635a652,7,217
308,e51186cac5a1dd6ead34eb32e11f5093825a40bffe677fc1304d0e1c6dbf45be,7,164
307,833525f6b1478ff1507f409bee1eb9afacd218dfe555140167e2ed90eae27a2d,7,31
305,93f45300798addb30a67fc2ed88f38c9986a8fcb943944600a77de7393bcaaaf,7,19
294,61a25723b18ef5b59a260ba3ef0390d925f8afcfbc8a0f80a6e513ded811cfdc,7,18
311,a5d7ac6058de71b17e89e54b6003f87aadf0258db45fd45879967927db796079,7,12
313,6f422dba10d209cf61e3f686fdd50438ce39f3c6a999c985b5b816bb66ebb1bc,7,9
299,ea7840479ef10aed33424bf44a35820aed9fed3a18e24a67dda75a2ecb858fdb,7,8
296,45c9c90aeeb09e46d5d89f701b0de6e6de1e6002817d449847c9bbc49ea08cb9,7,5
302,1b79843d71676bfca97c14be1e83f4e821ddf94830684abc8a94e42ad30d435c,7,5
295,b831f1d22d730f51f21afb66777a2091fb09854df2770e8515e060b78b1c0176,7,3
300,24cc7c7dbce861d9d293a92ddc89f2926322e8ae181ead9babd7cbc06943215a,7,3
301,a687e18bf7bdab027339bf05c1b33a38ebd64726c9875333e3d0197b705c9b1c,7,3
304,7fdec77715c5fc2d65eebb8c1bef379b6245a42f4f8ecd8c5067b9991947b9de,7,3
306,e22bb408496d49aa53747274b062b87396d46161aaa47af9f98fc574ae955891,7,3
291,4eb4788cbd2cb569219db4e951ba770763f61ae1a88263eea92b8406993fc92f,7,2
298,7b9b58b2720521469b59f0c6d434707cf22ccbd1448fac780b0a4246ffd398ab,7,2
309,afd0cb341a5028a6a55af7cd96bb3d6cfeb44b81fc1a96914fd8986d7d125a6c,7,2
312,8a83ecc26730954f978e38824eaa6b448c6c31afb14f146cab348d0ee740d3db,7,2
292,ac53bb7cdc69f9d2148ca4d641a4344f747f826697168f29a6b0015fc85fac0c,7,1
293,7b5abbf66ef088d0765110a291ec70e14818027dab77066b7f50328c57d706a7,7,1
297,91017a77b23cc126d789873c95d702b9737713b08a4175683ab9fe055e9136a0,7,1
314,00852bf98515f85bf9b23b82c07505ca1f2833ca6fba85b78e07361e10fdd8f3,7,1
339,670b55bb530aa9705e747360ce7265abdb84abecd6f19db9fd5a1e150b8f9446,6,168
338,2ffa14421aaf72d005f29abbcf12754ffa42aa483f4e193a90654f7a62327cdd,6,39
326,1eb869a9f80e082c432fa54a05d27fd8f1e1bb4bf73bae663f3d00eb4fb9eae7,6,37
320,0c9c9dc18099f7c7484e7de58c009404468b64a7b1c266ac14f9fd0621d6a05a,6,29
345,7df1ce2bd12508647da6c7bd1eb881993b06d58296f762f77e9985d46d89540f,6,25
346,d471e6597e6d8b82acfffd63cb992b6017bb44e53baec590e9d2eb2ea5516e7e,6,17
319,6c07fd19a96fb0929d02946050303d21c54c278a41aad2330507dba6efd52cb2,6,13
344,1d762507c3a45596b9c41b055e655ca7e05e18701e875189e8d02100a8a8b67e,6,13
318,d30e0cb86949cf8f97b4383feaa3f033b60b80714577aed01681ca09ab30bc13,6,12
333,02f151fc0091b35f27421bc6baf7c8f313bccc37fb48eabbf5ad1b21a4d905ff,6,12
342,7a9a5385d932bddd156526b44f8170ed01bffb7ef67d74e6c28f112450c6e164,6,12
324,f3f8ab9e06cab115fc3ac1e0457603666c44825e40928e3bed48e59c13b32472,6,9
348,453a6be7f0f2c0b99f50a98a21c5ae9f38ef685e1005fcabd8d9d849d546b161,6,9
315,404049af4d5ed88b2abb4cc0323be875a4cf977bee4692b3f83b906a2cdcca81,6,7
327,d580b0b5de93f60307132878c64e59e111be1b6ce3d8c5f378322ca8f0860278,6,7
332,4e8b19b51da92d5e403f30c22ad02ee242540582bf270951fb516ed796d011dd,6,6
323,f1623c5ddc4efae888d553eda5282f2b827aed800b1aa45ebb567af19993f8f3,6,5
330,940916ec6c984f9e467752478f71664a91fa8b0ea2078e7cc3f2a18d126ce37a,6,5
336,fba39e0271af878598f3b3aaf2d7c5ef7be39ee2a157fc33ad06874ccecbcb8a,6,4
340,eb1bbbcc07070c79980a05763628338e9bf2252a87d4bfd67e54775efd0e1351,6,4
349,5febb0df085e972fa65e1546acb6fc4ef75b0ca054aef2993b3d056d2532fc4e,6,4
334,88d53266bb6b92039473ecc3e303373aa914315c4f727eb5d9bfe8bc76ea4fa3,6,3
335,42662b9f254a081fb9aae8c2e8469b6236eb9cf5605eb2bf9ef1a51d9b558b58,6,3
321,e439bb11dff2e409462319ec16d915eb603916392b4dcb0f771913cf4303f002,6,2
322,70539705587db44c149a4d03bead1c85d73bb0a3422098e37aae9317d9fff200,6,2
328,bbf2e150e14d5b520eca005f4f4f2a2faa750d5532766af451acbe5a2ba1523b,6,2
337,83e366c47137700d073d8003b3a4cc2f075d56f5652695f535fb2b3848171713,6,2
343,77d9c2696586d65643f94785312849eaef8838c30b23e8021072283068634060,6,2
316,bd78ba66dae368ba68f0c394d7a74f186f95625f86ddabd1e6a45b90e700a06e,6,1
317,3c704681274001576056f912ec73e10423fe9ab6201eb207c4701832987e20e5,6,1
325,446a70d9b97fea0f6647d489c0d7643323264838094307985e918a5be8f37be0,6,1
329,a915be97b489e7fea01a7b3cc7d2c45ad55c6e78bb68103cef4069fa28dc0662,6,1
331,66a60c6a439b7ae7296c0ef71d526118ca20c32d8cb78d196ed524368bc89657,6,1
341,c5874eb91895322be25e445a69030e8fc9a8b15b2abd480aa4ef79e13f4b8478,6,1
347,68b2a43956bbf9e8c4b3498889a11a95830d6cce0b1f9a4ce61c6e783bcf5b46,6,1
350,2931f68ce69c577790ca0c932a05297441f71ead4b174e8da5b26342e08eb16b,6,1
351,6e123d38afd4c1750e90c4e292a35935e35eaeaeeef3cf6720744a3e0bba1f21,6,1
381,da138293223a096ce3fb1e3be4014113599f5a09aa03dfcd85de9a9a624302b9,5,216
372,af4962440f36b5ee3101759f2b5f7cf8b7b9d0b4ab0d49efef3fae75c2d654b0,5,73
366,6c2d6284f1f3ef2abff199e239f0d477bd2bbd041d867aa6ff2843f0ecb6eef9,5,34
361,bb70fddaa5da9baffd4f4d692a36acd6f1bc3cbc3a7b10e544b476a548af8de9,5,31
376,2d21bf00c33561aa255152fa8f783b3801102844de8ca8609d25a938416736be,5,30
356,139494b8a6d836391dc3a8943232b21dc5843efca24e9f8cfffeae7049053f92,5,27
371,d6909810fdad7482181ff33b765ed029e93ff90c7dbd5765b2ad00db4caecd88,5,22
374,0878e9e198f72ca3c259965ac3b7045a198188494b3d88e20a009391ec1e8748,5,17
352,036cca5a1bc84d796ab8c0d4f24bacc4b6bd816b792958f0032f48b2690bdc7d,5,13
355,5f3706cee00b9b2d47bb8e235ec7870e0f03eb734b4599a381c334f0545b21ce,5,9
358,161a414df66801bafc810a9d1f327e6f193ee7a63f1d84c2886cd31734fa0431,5,7
362,2084e0274252734dcee469dafd14c9f54cd72a46d5879cb4118eba437552b8b4,5,7
377,08b4f2210ea04ea2a6ac9194d9e4fd4160d1e0218947311d8a9eed853aca0264,5,7
363,2664c9a0ada6c530653e16ff730c3951c15b55a07bd4592bfad62010c599c3e9,5,6
373,dd545bfbf7c05950d157d281004f2476d9ed6788d3c2f2083c51389ca173d15b,5,5
354,742cb4a4446fb711524256ef0ffd06b3b6b52dacfcb076118ef9ebbc4f59b75c,5,4
357,e13982837a8a8c0c01d0b7a173321baa47440bdb6683725d128a0c519ad184a5,5,4
359,4d9bd914765337f96ab13698a1cf0c15af833a0d8f6b9bf339a647bfa4c087e5,5,4
360,74e190dc8224c4be3d65766358e0a12dcb5b88b931d82b022f10caa065f236fb,5,4
380,d58db36e6a518c44a3ce2cec4db1f5ea5352cee4ad580f2b62047ba2f2158bdf,5,4
365,988cdb4ec038cd0339c0a9a1b51605952bfd2af7975803df422d192141ae6f00,5,3
367,503482c5abdb0331cc13e2792a1e184920cc6388dfe2c9b5350e1672df13ddb5,5,2
370,45e07d9e4cb7abdd3d021b82d18e9b1b2d6f571b50ac22ed8dc58ecdb55c8e0b,5,2
353,04d20cc986591dce9fca847d106a28cc0d493993c88d0647ffa3bd417ce37a34,5,1
364,79445b299a02545d3608604e8a9971b674d6040146e3aac275b4f3f9d35ef4f8,5,1
368,f6e2d04468ff071217308aa419718c88a3d6b9d5d59b07cfa7aaade05e6eda11,5,1
369,d717321fff8863ddfc30947c244ff267d7f1bb127bbcc46377429d28e231a96b,5,1
375,89097aa5119d6222f9a8843ce3699300b7979e8d87f4bc2ab102002b209b38a1,5,1
378,d24060f9345ca1daed11ad853579c27e28dd967f8c5aac5baa4e5e6ddb00edf4,5,1
379,2f443416c02505dc3e2a1ecc13c97c3892176b5ec7bef1252a2b3344234779b7,5,1
399,671b82c6ba51258c77516d5f047c385b09ffeb26489b7fd2d65fb55982c8f6ea,4,149
405,7c0f357643ac01aa367e5fc4031bb90e2bd0d9068c43f100ae56184249e569f6,4,84
404,9d301a8a3838c7f2b1ff42580dcda3b4fe130361ba4e9c42fc47032c23d8be64,4,59
402,2ea83e84a01ba2d0b726bbc5d60ee8ba41bb059bc04dd614d69a094c7f305e84,4,51
420,23314af02819ecc1e67176d790a6961745ffecfabd557defdc65fce304d1db4f,4,43
394,f35dfd5c5834dc092832d382fd42ed4f50241d87b821baa3c2a818b2778ccc0a,4,29
411,8374eb020a8b0365f755feebccfd345c5bae9e10517e52c5d3d3ac115d017e3c,4,17
388,66f6c665a4403d19c2d62825c9220b30b32da786e3d0b64109592117eaa7082f,4,16
414,2e124831b8465b1e7b67278a40ec91aaf5283648084bd2fb883343b19a4c7c63,4,16
391,e0a1faa880d66ad3ca73463d5b776a10870509d56b29815193d68b2f81b7ed57,4,13
428,73935e822af6c31df95325f544de9a9c23627d2582ecec1f764817bd703875c3,4,13
421,3413a49c3184b487183db4b580d4325f61bcff364fa636794a06312147a7c96b,4,11
424,47b1625c9a7f5eaf89536c9bd63505aa19697d37ce5a46f9878fd3fb3f6ccdd1,4,11
382,4b0a7bce6b8916ffc175bf671cb2f456356d929c94cf71341366aa3915418b20,4,10
384,3681184bad306dd5708e93a0445b4fbd468e4ec661b894176bc1ef746cf3637f,4,10
400,844b8882432b468b81a1ebab79efb5de0977e28c607a991641737e2f262bb281,4,10
393,8fb04b39ad28d9de2e717273c7ef14ec0b01dc1994a17fb236b9b2b8c46e59e9,4,9
427,300bdbcd29ee4bb7681129b168048189ce54b3f908980baa7b5fb0291b840013,4,9
423,2e9e24fa5c89fec341f3a951bf762fb69b2579684910a001b5dcc6f501968425,4,8
401,4b2bc5aa801adc283cb205e9fa87e8ccc57a089d9f726ec790a970ab08afbaae,4,7
389,0b137ca3c99d9efb7c23a7700ac1edf54158316208bfcaf47952bdccecc70b8c,4,5
407,a6c4153708333045faa42718f476cd3932bb983c5f7d2352932802635b0d7b3b,4,5
409,6bd91bbbdb37b71939cf94bca6aa4de4e7ee3943da64efad97fd5c14bf3de014,4,5
415,71eb076d9a6f0e66b5616c81f13f1bcaee1d247fe7f3d555913889de8509c6bf,4,5
419,1402a4c6a6c6e2cc846e670d4042ff80d4fdcbd0a681836bdcaf36bae4156033,4,5
385,d0f697cd9a7dba193116681a0cb3faffd9e01de386c43205e1a420844997cccc,4,4
395,f5614d6183167823ac72c3dfdf1f0dfc623c1b6b58fe5803f4a2389f4493c738,4,4
406,a3268f385ce5a552053a21fb5983cae2adb777d25135d4150ffc103d6bb9c0ab,4,4
413,5cc22b11cdecd607cd2a6c764074409255d080a9953ef4a47b6c8542bc206041,4,4
426,1c3c4eb8b10691c9dfb2651a33895ae2f3e41919533059ca7b08f582d34926e4,4,4
429,49953c3165607e043688e7b16072795a04c1059206e35b065c395a75815ccad8,4,4
392,5a28fd38df8acbad21e994145648c20542a82eb23093c59c2d3208766f98320a,4,3
403,5c4f55ece53baf471a40661acb02efc553ca959ed6a021b2688376044147628b,4,3
430,6da41cf7aae6fd9e03a6699273f30ba15cce416491348cf964dd366ba8f0a6d8,4,3
383,a5bcc5469af4841180d44696bb83a02fefe267894c56b2989a5a5bc6559c2d7f,4,2
386,d7adb093e33af8e821d1d5f4ca84d8218a29f2969c1af30a7772a0a9c42c1866,4,2
390,331295ff2d054fed4e51d65461f9db21e7360ab65c32fa603ad34831d54c1aae,4,2
416,fce06b8287bc611bec0e29ec989b8b2b07ba6d2afb51a9378ee3cb8179bfe5c6,4,2
418,1cfa349deecabfaa7f30a1c0baf52a7eb0c7b4c38a9c67a66ebcdc5ca349494a,4,2
422,8e55c6c31c4051dc13cb6e02e01ccca0f5784b2af27b40edab4d68fef59fbe3e,4,2
387,25da5b8d413f2faddbcc43a713b84161072fb3efd7c6e5d97e3a21cc523af983,4,1
396,b5d5ad937b9e03b22d567de06c91aa5a744f9eaea76bdfa988ba5b5315f3dfca,4,1
397,41112a66c8a03202f4e253673f88df57f7428d88d1f22a89fec7f1211861aa65,4,1
398,8b3a8e50f3da07378537f85c97256b43cf0aae402a783898269f01c607915639,4,1
408,8734c077a71e0becf11eaca93886205a7297c6705b7287b8a0d611df54793114,4,1
410,25005a59c9564f25dd8d7aca7ad09282267c5bcddd5a22756d1d18efcc77f877,4,1
412,02f64dcae5d2ab5321210a018663984075014efb73538d01303abb7d27d5a13b,4,1
417,75cb0dd416f8a5a54d5858c4ba58b10bd8796654192062dc9e887c65b793720f,4,1
425,98944333abf7ef298d73b0e6486a334a201d95353849964d64a1fe8d72a9773d,4,1
431,ba173078fa6c4e02001148eefe7b658cc78207e21cd7503851846b59b4c542c4,4,1
479,a2f899131f42564a7b00e03e9d92919d882ddd39b2b63bd87cbf5b02b6ebc4b4,3,736
501,e94018fa9b319fe5f125e85551ad7eedb95f45edda2d3e3737cc255a91e3de99,3,542
474,71826022fe57574958bbbfc96f712b5d066b1c2e7df3bd433e487155afbe2c9a,3,423
496,58e7e8931d900a684d0433e3f002d75689a4e76509a8337a5404b72ba648e057,3,413
451,1e0229adcba1e7385ced5db0c815378690de6263ccd37b5c904e70fc76b22751,3,188
459,297f24692675058203f4b340bb86d41b102f3a05df6ac698666d9dc4f37a3bda,3,51
493,87a70ef0df5dffec52743cbc51d8ebd231f94737f90827e7f91fa8ef4a1a042b,3,48
439,fc2998942e9967863e1da33efe1f401baa5d68d62d2d41cacc1c1e763a03421c,3,37
485,90a3a0b4ce4e358c392d9609c4d8f80917ed39e10c465c391a9fc6acbefcbc43,3,34
477,a2610c21e8d9004d928865ede7e77bf5970df0432e2a2504cdf3425de9e0eb28,3,33
443,22a8c051c62729b19a07f73c9b7adf1f7a92deaa86210de7f3f669e61eafc7e8,3,22
491,50314cf1ab662189bec33214335786b000f5656b5458cd4cad0822be22d37de4,3,22
487,6d11c23bca12e679fb0484b0030ce8349be0315a074805c1bc4b334a9bee482c,3,19
449,577f7193e5da76046beb905b04950383dfe6274c3ce6f6b26a5617c50d9b04e7,3,18
472,37503649535bbaa715ff4dc995b5b6d13326ecf456110f0f4b419a333abced3c,3,18
438,64a68f04b5edca49da65ad11172a7e8d223fa7e878fdb9ef003372598f9c274e,3,15
494,775452d76ec7d4ea0fb05f7f17e035a9864e71ca1ddaf3bd334034dd5115c2c7,3,15
499,b47ca9e3a0625be41e5c748b4dd8d46ae7a22d0ca82fb0185d9f7f2b11c05ea4,3,13
445,9591689b667fc2354459c51103c1084e69a9d917554baf9e11f8737083207f40,3,12
455,54f06d8e64a23b2fd290fa8e020fe5c9e59d7463cdf83b084ee157c6a1d050dd,3,12
458,f9bb7e8d23d9b6d7aff6ed8b0c54610689d434dc8b66c3832864c90cce59a691,3,11
481,681787e7fd97aa8ec69e871406419980e815f18ae162801347a27773c8024637,3,11
497,ea01dd653f524e1edf150f10c44f4534d691d1e886348e59b79f94dce41545b3,3,11
503,2ae1f8c3515dd4e8d3c4602b27938f2e1023c7396dd549406551323af0beeef8,3,11
507,1a089fbe4c7cb3e5a80f53186aff6e6e13e57043e66ddcbb594c7d6f52ae0167,3,11
446,df4d1b89306e6027e155a8b3b7a0820c4e82eb4caefa858182a2da7f53b9a7cf,3,7
482,9082aaef1efcf2d7315e0bec5490ce431d217e859e0dd7b065ff53db5c3efd6f,3,7
483,6c320055a88cb4a409ec36b6210f02c5b0ff81a6961a4e5209a2a310adf23605,3,7
486,c10d035ee4cda2d7c62681f1eba557e3ae792a07a977704ef2cd84de3e45da8b,3,7
505,d486fc3ca424b6a0163b47aac1752ec1d5c8cfe3ed287f5a27ced9895867a73b,3,7
433,329f6d96ef4331d3ef64344a4a04942669634e2da7a274cbb0f9053ac261f5fb,3,6
484,b0b29daab59d40d7585ef6b7d45d52ed5936477806e05706b73ab0b730002cbf,3,6
437,b4b28a0833b95a9b527e50d1189a23821f1935ed3515f34182d3b1e0654a4631,3,5
447,22d61a12e6946adbfdae0b35553f6dddb277853e5d5090cb8ebde8445afbb14a,3,5
450,e4e3f2b08bbe62df869ad7d222765a20ff91f414547edb72b9cb276c3fd90d4b,3,5
460,4be08ec759282f7d67504dbe5aaee593ffd33e7b278512535216260d6c4133b0,3,5
468,24113d6d37680eb8550fc7ede93fe13dbcfd625f08cda3a95c9fe51ce51eec66,3,5
492,28c35ed0f588d4b05748eed2575ebeab7e5a4e965060835b7e9257d273ce8f40,3,5
444,f5cff3378ec11765839e07340e257611a7d769545edb486815b264775b85075d,3,4
452,53771467b480c49414cd5e901201567bc17e04e9a0f9eaeb51e1e15cd94b2f07,3,4
462,51b0723bcacbd9a1a8017178e6d89c6df0290249068db85c56f3c235136836fb,3,4
432,f62756769cadceed05202c39e35ffa145e13182127f822a7ea6b6c8ffad6a2ef,3,3
434,6dfdc7c0d1a97f32b783bd3dea9447ef63f85ebcf7e014b8a283480823647b1f,3,3
448,827a4b5c68075aeddcc2090157fc575251a16ccde0db502a13c331a558bc505b,3,3
453,957144b40ff0004da806f9e1ef7b22c6877d22eaa70f7df200f2728c1a3915fe,3,3
465,d2e9aebac743d614d48d2f537d17aede431c5abc23c95cd61f59114b99eb2806,3,3
471,cafa815a7e2f4d3c04342c6112e8a42618fc8043af478484fc886ccfda9e1211,3,3
502,40a81bf6160d4a6c5e507a1249db4835faa1aaa451d2a0f68134253358e2701e,3,3
504,d26ee2c99d1281f271c4b2bcc246fb915b1616603fd8bcf0c174b3e071f7b173,3,3
506,3f20c335805e905741e1d674e4bcdd6c580b3c18b66c1325a73f5ed6d17ff4e0,3,3
435,20e981f3d154040835644806367f956ef97d30c3266a581981a41e47a5902744,3,2
442,fc99b8c0a67435914ae28c8edc597b33168897da81aecf5e5ee038e6585031f8,3,2
457,7bc86a402a7c5297fdcb32fb15dfbb1da962370a1876ddd2a48b8cb0e8acd8c6,3,2
463,e4b6312bb1df0671ce753e1b426f891e71f7643d2a1ea7141069933a59cee58e,3,2
469,08e2d12ae05e36510e5ca80895b283b3d8dae1b7ec9e14bcd22649b2972602bd,3,2
470,88596684fad08f3713b7ce5835aae8c1ca346e48becd88d0e9b43c966643f8ba,3,2
473,de4c900c1dbb1c1edb0d820bcba58122837129526b9915facd020f21f40ef88d,3,2
480,ecaaebb6e9bdc21cf84699af2b0ea795bb5ddab1d9232d5e49c458a54c87b5c5,3,2
498,b00b7d47c7c9a6bab30de507bcdee6012230e3059a1730b6878beaf090b4f09a,3,2
436,774579e689a8cdb86a9617a396f254fdeda42ef4e087a334c568fc02cf3f59a8,3,1
440,961916b3bb618e3ac546ebbf6863116718114b54783585beec569e3521f1fa7b,3,1
441,17df0d7eef262c75aba1fd66d073f2e55ddcd2b0eb0e035452a41b20b1e2dccc,3,1
454,ddfa7b81ae5db471214b90fc7c76e0d91bf19ecebb270d1ce70dd2d646ff7ff9,3,1
456,f34f9bb215404379d4a59c4c03802a83b3c79c44a824158d9dd55653894747c9,3,1
461,7badcfa196901931766d06f69a2fdeb8fff555719029d740221c461e79ed2d6b,3,1
464,05b6496dae213b16d68df686a46277c6b35275800badf50b86ea0ac9cb3ab71b,3,1
466,591b6b1d0b07038476c011a52b8a3b95b227730227d330fbe9d4f1fb491f174a,3,1
467,c79cc323535df3740d4a58e804a4139ef9f8166008a79d71876f7e1ea78201e1,3,1
475,2668285f02485c4844840bf8a54d10dda3a192c2d0a31033f586a5543f10849e,3,1
476,b38b44fa10896d4c443adc7e7d891eb5ac37a443666e9465d973e2e1915160ba,3,1
478,fe1e000cec6ea80a6fdf9622deb2951f1a17ccec35d43b4578582a73c90f1c1c,3,1
488,bbf570a1eafd336304de7b328d25a35385582aea9f9547a2ff206a0c2da31316,3,1
489,ba3b3c1e889123b6e9aa264ad42f9e0c9698395622b8c46eaad2345d290c421d,3,1
490,0bc965973851e1a1472a21645097fd42a746c4056dccc3070d65f9cc75144c79,3,1
495,1c6bea07c66b76e9324db1f88dafbe8c925a55b608d8a86bd850d9cd4815303a,3,1
500,62ca312837b4eafd587d7e040993685f2bd62ccc10c11f211231b90a532e20fa,3,1
548,db8f8e256a0689c2c9c7a1349c6c01c516048d0a34fb893beb0f3df600470f96,2,81
525,ed9b5ee8d451fd8b6ce1bf0ebef83abfe02d884f8675da7395a14cd06ee16eab,2,75
606,7801445fb309ae7aac45884ce787d47856deaa6d0f41dfec970c172305ff1e67,2,59
581,0992da725a7ff67a867dd547806e91cf58ee3ff98ed30ab3b704f38b22cfce02,2,53
590,bc3b1bf6cd9a8e18c9ce331eed8691250b98b3740dab21b0a771216fe699d77c,2,48
611,e87030be1ac8e4635fbe8dd04a5040f2fa67236acbd05f6a603c9470cb2503b7,2,46
583,f1333df7e19b26d92f37da56f988860c9854bac7e2a968a0a3a6f63aa4c26426,2,43
524,955f42f4c9608899d00774fefe3518b118fb92bc1bcc75f83f5fe16763db2c95,2,34
584,2acb33d33b236ae6cd7aca55dee3154375dc816ef51c9d56c1ada243b5e30b27,2,31
595,8220c143d6b3224b94ed96e68bc82cde712eae49f69e31fd13ece0e8e04b2004,2,29
599,a4be749882519f80b612738f331ff221834030c23f2cb979120842dcbedfe9d5,2,29
556,ffeddebdb63e9202a636e1aa4c27d0bf099eed635e6b849db62cb1c5e19696d3,2,28
609,2992b8a2528c55e02a1912baa61527a988fe2e381a3044a6437ef6d4ab674480,2,24
563,04c503a8e1d4fe93313e565560afe46c92b2ea28844d3c1523b95395f93b0a58,2,22
528,ce409c105731e74aa13f01baae47768059baf41dbdd6e4758a6e56f7c51274c7,2,21
546,beff194c16e8da9952342e9e46d61223a11b650141ccffc2a8e4c4a338bd0101,2,16
565,16a214c28a71e0236dbe79fb1439a7d22d3565c1a05b84a1220c6f8043cb56da,2,16
607,7d0bc03c3921a9fc72de5cf3cd301a0fd71f6b3c50e09e23e65222caeb905f2a,2,13
544,f616d7eba2a5ff801340bb33add0b3ebac81e70d87c3f4f27abf6b4e1650922b,2,12
598,d4b22952fb5d9d5597ab0339fef45a58c93ea4a2b6074686eb0a8d2603462677,2,12
508,91d3acd430ec7e2137d5d4bb268bd4498ae922062bd5c599994b075cac16af6c,2,11
570,fdca38a587a7763b764e5c0ac5793ad81b27cafa91a41b524154e8288aa7a9a8,2,11
591,66bda0fe1c84bafbfa2e57c9ef3d5ec4ac14b553f57fa36c25a4fc12eaf195ef,2,11
534,b362fe48c7375cd70de6787f4d5607551195a7ef172889dec5127767f451fc61,2,10
543,cee32bfd3ebdcafae04cd92d2cf03b5f603e83f356f0aec4ea999a91e8289684,2,10
558,378815b596e033d8f4e2cd450673ab818215c23494dddcf987362b766a18a951,2,10
552,546c36079d1626068bac6b659f9af55f36b22a868f0a67f1765c72c10f9d3d1d,2,9
566,ef5331232930bccf3506e2082d91dea522b36e7b50384c62519ea3cca16b4031,2,9
515,1e96b7f28334bb5c09c283638415b259e61a0ad2d28fa7280159d568ccb76744,2,8
560,2158c8b67cfa2d357cecdf465aa5f0d4c18d75a964366341c47f1c0006dd163a,2,7
574,b76c4a1d9df97464329b2ab1bd56f2d159139605a1e010c5e9dc420f61e11750,2,7
597,c2b4eae7caff10f956045619b5574c31ba744a9c11466f4a614b3d1a99579fb9,2,7
509,a3eea188db17add2895616fb784c2cd6add6bcbbd4f4b228c8fd4103db8f9cf9,2,6
577,b755692b48b9f94761cfd33d6f01f0039e90a63b99c48c8923dfa7fa0effcc45,2,6
578,af9103d181c311311725966b323999482b021e0ea9b181e29a1d5cb4328ce961,2,6
582,25e7adca7d1c0d15ff11f65aec779811929f71aa7cced46e20c2d4d2ff75575e,2,6
592,2ce3ec1ffdfcaa06592b0d69461b165d8d976a0864c987cd5d0ad100d1da3fe6,2,6
613,85329d081a8576cd9a705a0b312544d40304b65b45e765fa3d8e956440bf0f69,2,6
521,24fca0249c1697daacfa666ad4c6728cddcd02c02b46429f7614925a2de83c27,2,5
523,1aff1a8e2c462453aff53f7cd2cf03bd7e50e2a2273e3870496a90a5606b9e6a,2,5
549,3416c772db224dbe38cd7d1f49cd6dff573fc75c59069ea3d7da65a9486546e1,2,5
555,7d8acdf6c4535c93f7e8a70a6e68c42f1a8b08ff563267ec4216cda642401a5d,2,5
567,29360869a155ca0de1b5746c29e29845f993df94ee9d3de2fc9551c8437a1697,2,5
608,70fe7ea5e5c75abe07dff300de1a872f58d5e634f9aa7b0c6f99b7133333f540,2,5
612,621a22af24e0d23faf370c3c64bee6254800449678b2bce3c5258c481812586c,2,5
516,160a97ea8eeb65a2df240a03106e4b214512b3c1adcb6ba25993856c31d47345,2,4
530,c91cf12ba097d1487c5e426280cdceee519ae721c10d1cd08a409c797a567bae,2,4
531,5bb5670c09c4b429d60e82665c13f27e548e04ae86f7719441b61ea46c379ca7,2,4
536,39153961f040364fec17267db7a538ceb16b6dc82f7e5742a8d02920b3131296,2,4
541,138b4fe95a5df8744edac82d3841130fdba2984e279a9870f2e9dbdd8c33bd22,2,4
545,6207b7c6ff2267456e9e3171ef6548e12f1298902290e7df0202bd8ef14767ae,2,4
568,d68d8abe9e8e3ebd733d4a2f2018b79b7c422b3657db3610d3ce998aa5db2608,2,4
573,4f86ffc4cddeb35c3b9e14bb269a448ae12d27b7b80286ba9dca0c6027415126,2,4
580,2db6d01fede4a234a286aca84f197a5a2fe0913929d139606955c1d7e9db2e43,2,4
601,214855d2b0a58aa73549efabefcb5b5fe61ebbaab2922fe41c9c6116f9c61165,2,4
602,17aacccc9ccdd11136d607ec62b1db966fd43efe8de72b29b17dc96dee839256,2,4
615,b2421c1c272cfcb7845b83407d13e7b01c29209b924e20e2ef3b7b84b99e36ca,2,4
513,df8613d143dda1823ff69c07898f25e67ecd85651ecd1c9f938fc57e78c588ae,2,3
514,dabac301f62676a5901cc1c8293573b93a63adf4b54b70986ce25f2146d2d7c6,2,3
527,90e9835ad0d3c69181d5f3bfdb71178427ba023805152dba102f2df96f0d2688,2,3
535,9e4a90150fef40c5f45691700d3737c0e8538cc30aa8d2b29cd0f58f841afd89,2,3
542,424f53d47497620d02f049ca1c33f20dca9f8cad43ed867e3feb6a518d51527a,2,3
550,f19ef3f97dd69d7661c3c3bc92844ee2dbd1bc3c5a8e0c851487e751ba1ddca0,2,3
553,97bb6a573514a488c80d7bd2a70920d140065b19f5820ea2652181d5e1bbcc38,2,3
586,0f3d22855ced66c027f241e3df78b699f02683bbb7b4d6e86dd28b2db2ce7bc9,2,3
604,9a9967b2fa581cb83ee4dc55b036ba2beb3f6b87f97dbd40c028c9535dc77798,2,3
605,097e140ff0d110ecb0a0396526f7deebf496adc5edde6b85880bddaa5048627d,2,3
617,92c5a54eb8643c45cd6f8fb34c04567d3f1bb1803750c8679c42ad800d049488,2,3
510,636e48bf74aa97982951e90b44070e8d71f7636ebeb6c42499b22d38d5687550,2,2
517,a8cd2b48d899c3ccd7b45c7258c5b7de4b41fd6fdf89821b5a27a342340b596c,2,2
520,ea9ef18a71593504080e343336f360ba1963dac6869d88c30e277844f5cd8634,2,2
532,b4c76970ffd78d69c27eb9c66daed04a32619dd9afb3501c103fe99118a63fd9,2,2
538,d41467c131fad79684b0159ba70cdd379d87e354a96ff47dce4a6a24c4096f58,2,2
539,4d92a31e2591825da303733c7fb01eb62d2f768aa2ce4f8d236b36cc1cd248df,2,2
540,664e1903ec8e420124cdfc9d7f9ccbca7fb35d0f7feff6694163bee537272748,2,2
547,840b330a816c9e5d9f60060147b2b84c30c299548aef372dbd4263ca2a7ecb28,2,2
554,ff4f79c7e5abcd2a34b056a169fa42ebfcbcce58d2a4f8cb339087b8c4241bda,2,2
561,792ab5bc1d5527aaaae54cc2176f038705534cad2ddf4ac5cff28182faee0675,2,2
564,a945b45a47952970ae8f35cf973f8b38f973e6b751508e43cc21ef2cf8487f34,2,2
572,4b450b6726661c95ddfea468c22275412235552ff194ad61818839ccbebe6af4,2,2
575,cf2283a9deebe81fb1d9e2d9d2ffe53f140b46ffa86e0338b7b1d2081857b749,2,2
576,b747098ab1e81eed8ff1e812ef1b1138b07584764ba8c0acdee1133411f04cc7,2,2
579,d819346bc92e536ff38b71df3f69fda68ab6d1a281bf37c16795a26327cff771,2,2
589,3406538757a7bc91210d511343e664a61bb65640094e0bce615ceed676cc9da7,2,2
594,2118ad0818506e203868b36fa9b7d722dccab5edd4fbbbc08ae51e734702c4a0,2,2
596,e61ea8aca556dffd62238cfa654d6fea13798a794e6844c90c16e6e5ee54d097,2,2
603,e84ee6f51549c49e5bc7a2fddb5848cfb19aefcdb96a3518daef599aa90529d1,2,2
610,ab872443bb925919a46f0b86c4d30dffd68098c19fd0becaade7c43fe1fe01ee,2,2
614,e570d8c092b5c1f28dce5c139956a3897eaf8c06890a1c8fb6049233bd5d7c45,2,2
616,b48123dbad0e723993777220836039941ad527d316875bb389b9f3ea0bd6c2ec,2,2
511,e1f8187f43cdd9e2fe58da2f7ada4492b6854fa86cb540ac5da86654dd031b38,2,1
512,ac07f941ca38bf83947f9e31081d6cb7195fb401a81e68a4d720952e04d77bfb,2,1
518,466e4f0d4211067f72f94dc616663a7529b51c330308fda1a4f66df43a1bbc06,2,1
519,6bcc13a118c302f54f113efe2451cf7bea57b9889a2e78d44766a52416bab4a5,2,1
522,896b4d4676db820245008799b0382893b8fc897f8dacbc54f47db8d122532800,2,1
526,623c3ff35118c3b90b099dcb25ad77a31ae1b8b20a1987ec7974a7c39b2a6c65,2,1
529,d39f125b339f5fdacc3cf12c5e7ffb54ef10bc454c59c693925ca48dcf0db2ca,2,1
533,185d1baf1a5c06ed86fad21ec096fc69aaf386374791a5fe349c5c228882acdc,2,1
537,5ee39f80ca34876f580c8fad50694b327677d18887db8af0e2d94f2400c95c5b,2,1
551,f001e47ea32add132ed20e571b0f1bccbfee81676b1342d34e7df3eeca17b29f,2,1
557,b99efda536626d6ed71534286aa554784551cf0ed8e8205a1960313e7f4bdcf3,2,1
559,d75fbbda79e22835a9198e103018de787ccc2a0912740344d77342196624d4d8,2,1
562,b8ec3ae636e587531c0ff4e3961173ba00e74ec82cbbfeabead4577aa0dfdea2,2,1
569,c5a3b15aa6c77e3cf5ae07dfd3d15d0b2faa2da15df189a66b37fe27979a7c4d,2,1
571,63cc159fd76b9aaa0888a1a010560c844d1e6e69a714a8feb807b78dc0ec1015,2,1
585,a33fb4741ed47c09a2079193f2c74fedd554201d81249a148466317ebb408c12,2,1
587,4304dcafd7403c1967973d61a85d7851770f4e82f1300d60c579b5054a46e1cf,2,1
588,e230d6d149d57f5d5e85019c4144549c965da3157b40a317dcfedf4d60eb6570,2,1
593,04541fbf7e548992bca55c2102d4b98b6f80ec0e0d43b412169b16f75969b2b6,2,1
600,312c6678bd826a5fe2a62b280d86a757d938dd99fed84bb7f29c038531875f2e,2,1
618,7b73fda1b56d51aa5d477ef0138e95e17a62bdf728a70cf4ade3ec102575738b,2,1
619,be341029cb7d297400401272151a4c36fabb4e83e9c55cb08cb7ddec9e034ab3,2,1
804,4e8f3f58a62e7f90d2cf9e32fd973bd89f56a075979dab5a3840fcd45280b26f,1,520
798,a84ae60429006f665e732b411165c0547c4928b6c1913bfdbdeab7eac2f6fbf3,1,175
652,af0f584804b43643c589a5ae64d614d14e7430fdf89389d1640c4f5251d3fff4,1,157
735,84fbf9de546e55f2e155bb8dbc946e28d8b1dd530121adbaf8495d120518a4b5,1,112
752,ffb8f821a35cdd8d69a2e279ae09922984692b31f5457c655a7f4f67cb878497,1,107
676,834db0ab3d1d66a020a402cf62c63abb05ab41f4fdae8f2a02a8520fa6d025f8,1,89
643,9e678d9f8dc804bb2005ccf836ce35c3a5ea93ea009a7e395d25b28ebae98aee,1,79
674,975e01226bf5aa4b673d2bb315486b20b907d438d69fab1749a5b59a8957cc7a,1,64
766,7e4563a9dadaf34de5858d751341b0c59f2c812f1ee8afdc952f06d408b91f92,1,64
638,f71435ba28ce2dba878ee68069460fbdfa16bd16e1ffe1d3ca04570b39df8f8c,1,40
661,87e6792308aef59908fb92d1afce9478fdd66dc59fc66fa588710dc6318e87ec,1,40
736,c55c9dbc582a9929086a5cd1375a6ea5a0519de521093ad6cb2dce9321200b4d,1,40
629,b8c257665aa164db14594bde07a2581663fdadd6027d1c731e8161e27e1bd30c,1,38
784,a47114d58c32f9ef2d7e3f68fc7ef7a08a1bfafdf6ea08fd62b53b10f6473b27,1,38
806,16bb985b258eac8d2b5e236502cc3d33b683854f4443f07be1b8e2bd21525cdb,1,34
665,0534811abdfe85863d91c727724bc2613ebe7a7fda5d5c14a69eb2981857e56d,1,27
717,f4a9bb6530e6701ccb84bb529b7d3dcfd47e76e30f799c7fe35ce2fd1087d288,1,25
672,1096c68c80ae78826d11e9418ef79b0c17942235e8cef4bfcbb40ce778b75e30,1,24
718,c7b644396259b64e8ea1ba84fda82f25d74e46d7249f5b8c1bf627d3db449cb5,1,24
747,512516db2f853a05074dd0be8280d14b5c1a20dcdcd00582c0e717aaaa4a0a55,1,24
821,bbacf23a23a762b6ed0dbdf86e538d219c32d682d4c3528606861701f0cd8cfc,1,24
801,d210570c66a19c150cbfc187b4bac52dada161be76db8d812dea43a7920f7f20,1,20
650,145befb4b91f0a97dc8bd49646664ee988467f9f4f5387f59158c0eff0cdc84b,1,19
690,7de6499a3a41a10233dc8775f960a68b63952bc7370dd4a64e72f7a66dbd88fd,1,19
684,2ce41bcd224cac953d3cf26657ae5bdfe86eda86a88a80bb1e7134476e57276a,1,18
727,716b7c46d38e02a98edb4744f3617a5d7515a3296e50f28a8675f508b491efd9,1,18
670,73d9cf090d298f3a9a196b109a18e315173ca872bc1c4f053bc2ab126ad3f3e8,1,15
671,e1c223d739375d4d1f74f538c2b49b654eab721eccbba50b1fb43fea2d9b1ab7,1,14
732,e95a87d70906a2ad2a67c5c091e0d655b017c0285ba7f4c30a53593a47160507,1,14
791,2598e49aafae906848744c01ba6d18114a3db436268c701a96db863ab77d6877,1,14
815,e799d908318e4068a10dc2c7924a603547f0ffe813e2da17a94605da650d025a,1,14
620,f41a7a50e7d3dbd974b9e734d33c6d8ba746959b55acf48ba1c4e9f2a8871c22,1,13
689,5d75583ae582f517a51c99f6ff2312955b1a5d553a58c21e867e1777bd900ef0,1,12
703,961774148c19ad53ffd9c24a19366da5a3f41cef95f3d96c375ef73a353b1b8b,1,12
744,e6511f5d0d06b5f9ef083e306f07a815708001d91105d74ccc5eaaf9bf8a6d55,1,12
645,fc8ca5a6a24d45e17a9ca693e0518d352d89ba194887e081b8755d1f63582eb8,1,10
687,a620d7ac71816e8fa2bad65c8b63c3e48182724289ab2a09d02f1063087b5bb7,1,10
712,5d746e2e510b74c74738df8b9b2f86b4ae4f6412da963b9836dbae968337e3a7,1,10
790,f64aac8bb4559493e0b54a44e3bcc63fa05029fad76e522e8be8a03d02effbec,1,10
627,f7ef50fbf455dbfac897495e3f94556952e744e66c747061f370e94c1129b785,1,9
695,325555e34e8e457f3ae778dc6245d57a3a63db8a2a1da791a8502ff692a356e6,1,9
746,4be07cfe5a644d88387d8347ad20d89fb68d2117c01560704b2f2b8b6cc25748,1,9
786,aefab52b82446af9b5e689f50ec6d1c45719e5c7eabf6a43ddf4fdcb4238141d,1,9
792,47a76a8922d4ee7021937c31e9777a4deefe6fb8da37ce2d7c0eada5b9a89c18,1,9
796,1224d72a603d9c5c6d3594da1948bbe88259c4d0c3afe9386a4d3513d9cacc76,1,9
814,5f333e39eb5829906232c93059128daeee250e2974cb242f5506ceb61741fb57,1,9
662,ee41cca3d1d3d439355dea957a6acf118b0b5ebf85cee5403255973c1634b3a8,1,8
696,8cd32be9c31cba5a9a226c1feff9992282fdb168330d61e7a24141f3bb6af72b,1,8
699,88145c7d77aaaf71717f0549b9425670482af09e0675e4983a38b21066aa09d2,1,8
738,7d5254ae32f8b3423e2bdc1834a28adb90942009dd01322938b14da7980bbce3,1,8
762,c2713105fbec61365ee0a74abc2d7474ef62027731bc458073edbdee167168e6,1,8
772,409084a2a92f0e2dd0e3d9a8dbdf937e9788c115eb0b3e36e7cd7c5499dd2237,1,8
785,b3d9571ef2081befade32ef5e443a2a28368672c356e86225c35edba07e207a7,1,8
622,2dc67ac1b5a9c94ca7891308d527b58251c0868f99ff801bab361b54af2aedb8,1,7
653,467e8596eeea936e5b39fd34506354f192b14f219a81f1159ac2352893f096b0,1,7
682,5282bef6f55526de0afe2f5b4c2a9adbc476a961ffec4036a0c36eb4b30c8418,1,7
705,b2f168109f143ff2868d7f1dae1baca4d98b9bdeaa6fa8b509afa3400321e411,1,7
757,0e83a3911ce663a1540c83002c14a7ca79b0588832a23f706dedc33cba2a3c8e,1,7
788,321d73fdb6db032fccf85d4ba1a53d19f9f735a25434d19a1e3c4f15d1bce8cc,1,7
793,2a6efe95257324ad0bd77b7409c08b7d89dacf593d0cb91c7e8b9b7658ac8fc2,1,7
625,eeb3e706d39569e00f232116e0451b58f6830120d6ae67f18d4bf4f7b4ffe54c,1,6
631,c28824e0d156cf4720eff0334743befff7cba8aaa79826d0bfc5f93265fc38ea,1,6
633,4b4d6d1e7e59fb2f1b7df4b528feabe1e8a4aa6b4f839a5e5b230e9770cf8af1,1,6
646,35c29c8203638b6aba60719b8477add02708c4b37a82be5aee5b72cc5077fd34,1,6
656,2740ecb0398a592b93e0f6900d91f268d5c45a99e58c1e7f0ed25c015b283bc2,1,6
680,976eef5b2d958bf3a922d3d9aa004041b87bdd86e717b603c287c8099e152130,1,6
713,55a8ca138ad51ebf292a396b542b81c67067823d60c6dcd9e3dbc365e8ad87b2,1,6
763,0a7e17884e37a07a506a5f7313f5f9631aab3db6e51be5d6b1e05fc5109756ab,1,6
648,fec116f930c14dec3dc751bae4da61299483315b977ccef69156696aac5b9820,1,5
658,15da8fdfe71d0e4ea796ed125f9c5c1b113b37c0781de0cc90f01cea953b7689,1,5
698,7cff4423f029ffcd6ef08f4214d37954695a26bdaf16d563dabdc4b9e8a751cf,1,5
719,eb99ac94ff7cc353a8a4266af3a77b93871abb12e92cf3d7082ec9163c3adbc4,1,5
731,34c8e9f89eee912abea1bfe3822c856365247f28b1f6e08cd89cc5243ba0e77a,1,5
734,0312fffce9171e18bf8a32ef436f464e83b8449a1d60d043ff0696e5094f3826,1,5
737,7224253b4d0845f69b08e1919409c317aa4913fc51132fda44714a33a8bbd142,1,5
740,420387b97aacacdcf97accb39d67570091debe074c322f43ddf7df4083cd605b,1,5
742,aaea741654a5604590218fc6507428deb8266d53ce70f0db7d85303b1d228139,1,5
750,dde599a9fc355cfe2e592648e32cef9ad896fb4e38aa607c8b04ef3bb28da795,1,5
754,535a2c8a629612354bc19a3746a2c10485846a10542889a0b69dffd5c9edf8e4,1,5
759,4ab05b2e3b5e0e7ad88759e7239190724538630b43a77d65f6f6b2990d29239f,1,5
760,8277694dea92e5649acab819ea22d7c7f194012696679f876c13e686b6011df5,1,5
774,e131b5c9c089768fcb493fbaf867acefe15c0cd612c5b7da89c4391f5c0b4d49,1,5
800,127819029e07ef31c72a2f18e9aa66c2a595583939b47625679c1720a33abfb6,1,5
802,3f030b1bde7e345c76085449fcf93d05fc2bc35a9513d02de88c4fa494f10975,1,5
691,82706b24687c9a928848112580f20d5e8212c0157dcf7fe7d633f3b4601a1480,1,4
710,65cbd9ea77b3268baba7abd43910739f068e523c5185b59285321c9e0398a861,1,4
721,dbb556085f01f5ff2bdc2680f30e0ee7a0f61d906a249416d15621089e40d549,1,4
749,f7735896c948d35257002e3cdc380db80eee398704973d08a1f7727f3899bfdf,1,4
764,be9be716b884c8b9c00273ba209ece2d8df1aa7f8ae5a47f227565badc4a0a0c,1,4
779,fd37e6ea3f7a4d360903eec0de58f66a4da5ba6fc06486e88db29c068ef82d56,1,4
811,f405165e7fce08201de40a851c97a8e8f7c33d9f87495d80cad462b873134f91,1,4
640,561444dae676bded85d0fe29fa894919b7f57d477b17e07e3988080306cd7996,1,3
649,18c17e457eab76e0db0896a322ed4fa46051fb4c03bed005aa93678b7f8e2b24,1,3
651,eb45de6de2e1d6bd1fba4b372baf72acdc9ca3cc9b3629c09ae564692a2f28a3,1,3
667,1d82bcc98d71af90fa83770baf9667473d45952fe5888f58a70a1ec11548b2d5,1,3
681,74a73797774e3e148328eb860df06287acccbaacb4201860cbfb3e67676e684a,1,3
694,7008da54bec00ace2af571cdce019693204b5d88d8f22a4b53fca4681e3ab5c1,1,3
709,31ba3b2006d2008ebeb16d47e3ae6b67c8cd454e2bd821c4fd7159f36d735398,1,3
714,115ad11e1593795119b4a5e8b3deeb10339040f0c978f1df7714d2d9efbbd3d7,1,3
715,181b29e49cf8fe137ee4bcabe7a448c66bbde8f6148abbabbcf5ac19416e53de,1,3
720,4b25f1e09b7479f35cd8afadc2b12a89dbaf5a7571410bf9d62b1ac6c495ebba,1,3
724,45212ffb45641cdae7b9a38c6136e1d2aea92204e1e9a419cdb33379af62915d,1,3
725,f27945387b86103b2825590dd6ca30092c6d6ecbb292de04d51b7e999774c135,1,3
728,0b8194c2801f2e2847de0d696e8af8f3b7941a15ec5fa159bda280469eea4977,1,3
729,52eb5f46903d9d1cbe034e4462909244aed29e0641959593c6e8d10bef742328,1,3
741,a46d3459869773d7c42722e1f0fa59e7aed1e7d09e00a9e83dc564b9cef1b0da,1,3
748,622ec50140e4605de1ca84d72f1149eaae0050ff939b1c9e922ef9663f5d22d1,1,3
769,97c125b154bb903d9c6ba9a42daae7cbe034e4596606025562b7673bcaa958be,1,3
782,031732f4210f5a08c19c8ee13fa700f884a38c9295a6298627aac5100ddb648c,1,3
789,58b1e021b7fe57325af52e5db11da3b9cad322e5e15d0d45c8e489e170402916,1,3
621,34edd5a579afd483083cb12e95019da616ff56efc9ecf793dacdfca1d23e1d9c,1,2
626,2e2c7ec3f863db85c89f99d6215884ac524c0f8b42f05a4db6da40c6ec66ae8f,1,2
642,7ec8f17aee3bde8802297ea6f7c3a4dc9a662c4376c785a3f099c9d74af29144,1,2
654,e40edaec4570c23ef09ad0cf365c9428c33d17026c39bb7e1015683e6a89129c,1,2
660,19c5208d0496eee8b390a2c4c06b5f32f36ffa2e7591f1c7099671ab7de7a6b7,1,2
663,3b6fabfe7dbaf15ee1cd9bd2abbf0f4cfb47fde9e33ed680d6c11b44b1acbd12,1,2
666,eb98f7443328b721d2d5eabbe9f3a93b29a19e2fe378397ad90b6abf2611576b,1,2
668,6fa1895a50e142890d90d472e428f4dbff197cff8199205c95f5cce9472bdb1e,1,2
669,2c581165bb99fe74954c007195a2963bb54148e77ae46d793ea3da8d2293faa6,1,2
685,622d1b89eda18491a37989426e635a62b8371acdab47895a42cfcb4a36c0c9cc,1,2
686,9b70293d4f7629ab2bc817095d82dd601393ed35e1336589947a11b9183676cd,1,2
692,667b10507da541014514c2cae523483af173e966627a37704eb0910669a96123,1,2
697,76dded71e96038ed3fabf54ed9e98fc4f5d6e9ecc626e3b24e36bfbf94a292b6,1,2
701,abd57f3fb6eef3c022dcc0812a076aaadf63937a7011ba6e345ce42aa4d744c9,1,2
722,cf8676630a7df6ced2679617583d5b9eb96dea23d0d1c84abec1ebe07ee08e34,1,2
726,6e0a23afa7f0f93de4eb61a69abd7e8821a44a2c4b3847ca87e5ff043a606f0f,1,2
730,f9bf314919e0e51fa9fa02106611a98380f6f9ea9b472591e9f82a8b15cd1582,1,2
733,b792aba94248b619fccba17e6afcb12582fb81421938546eb7f94dda9869340e,1,2
743,a5e16962edec3fd783934e2c25f19dc7a62e5fa64a01a4ef1b4f3ce14178d92d,1,2
745,6150acf61d2d99c65e0dd760ca5dc55413503d75e9501eaa9eda3c29748ed9eb,1,2
751,b523a9bce58de018477cd4bca26a54158b37ed33c60fb56b2f6174a65ed470d6,1,2
755,b0d1c32c25c6fb479a77444e72c3214c071d7b7af6ebe092b3a68b293302f43a,1,2
756,0730a1b39adbe8300d5aa3c6251af67da00a930981e49cc973120b121e363b29,1,2
758,284760a6d08e6092f074381df72c489a2c8451e318cc2515b255c6d2416d1f53,1,2
765,cc29bbd9bfdc556d809e86f03d03b40918ad9e2c16a9cd8ec81ff3469d4560e2,1,2
770,faed0518fc6211946953b65ff6ce856f7a29bf7c1bd1fa0ad4a31f3556e23adf,1,2
773,298766f9b1b50585b4dda27c6ca207c7f02ffcdd049720299990d5b9f76745cc,1,2
778,3ed5c93a6f22eec9c522482f099736a75ca4f0b3c03ed990cad95a18cde50dac,1,2
781,190f8320fe84065f7bd17a8d5d2ec0e4bc31be5bf34465d1dd903060e8ef922f,1,2
783,de566b1e9bfd38a77138f3b4b9fa753370ed68b36b17e7030a4ed18a8439cd80,1,2
795,9f0de6e4bc7cc6da6edc17304b35c40bf9c1b19e7c515d06d9578a1b95ef78a0,1,2
797,4bee3d9bd40741fad57332d61e098f7de9b144feab17b8cde4dd5f9f1ed589a2,1,2
805,a5dbaf8fd5b245af54c7b31f81565f99d10686c4ec6a190eaad39720b80bc62f,1,2
807,9ce88c52c31e9b45ffad6f3df665b5b34e7be5a7aa9fff793ef5b4de546c6dea,1,2
816,9433e0b43f53cf601a9dbdab8966edf0e37428875ab0b306b5244a1c9d6824b1,1,2
817,9f5046affaedc2a37fd2ccfcbb3d222b27158f7b9bc069f48082c7d08156ae91,1,2
818,9b507f4b926fab9dc58d8ba15e08d680c32733e239b7e6bf2968e11c8f753e4a,1,2
623,37448a81dabf632f2568622750ea3516aea1a796aa8cad0684903bb300f1b607,1,1
624,51c1ca7b79d2597a754584f05618d9ab58c564ee1b1ebe81d477fce2e33ee895,1,1
628,a0bd7f743ceb1e7bc42225532b3e833f9ea1e325d942f5f95b83e7782ad89562,1,1
630,fe0b411fc6ef34b84bff99430102af106075e705912fc0e417440e085225208b,1,1
632,a1be8da5945fefcd2b39a15289d7984d775230669910bebe70f9abc0f22a9567,1,1
634,029dfc9fca8b7f65c3ac84bb18c461a416470de760c63681e1ebb7b03272bd24,1,1
635,577ea289d4931da7c4fa4a8ec523687a490f1c00e1959cac68503b737de4226b,1,1
636,8e64d1b0628d47b818915f61834226ed55aefb2dd3c3566bff4b933062ac1f3d,1,1
637,c0f5ee0cefff01eea1ea7c3aba7f2edfad602e7e4047fd98ae779fbff931d673,1,1
639,8ef5961d2c40caf4d7615e9f4961e7c340614d71559ef73a99492fe53d9e5e3f,1,1
641,0ac503d42fc6c0309bab517c31815b25e824cafc9422b2a69bf7ef49ca1aa874,1,1
644,91b8a4aacc1a465fa25296a114bef07ecddeb1bd494d1d6af67d2ab5fae2e51e,1,1
647,2de5b8dc57759db7d8b17f1fa8e9bd572682ca317b516dcf73c22b4d526895d1,1,1
655,66bef9d0c4a14d90bc136f08fc3c9362f4442597d02455fc9f941951cba96a7d,1,1
657,fe9c87a6e60c9226f2b43fcb1c69ce6af816ce9b5b223886ab54052f279d9203,1,1
659,17bee1bb349adbba7685860d8c3d26f1eece9011458a06c2dc7824a5c992625b,1,1
664,ef6e8635c06a88d4a96202606f4256ed74cad3a5b27f6b625f28b25207a40f71,1,1
673,20b887a205e57f91fad94070735e04837342eb2b43c12c20ad8db7e346f42ed7,1,1
675,e8d183b3ae0dfcbbacd3e5e1849e5155ca82fe986b282eb39652cc1020fe2a64,1,1
677,326a4a162c143e589202006055e26629decbce6e00856260a1b195220f1e3c13,1,1
678,c505f04f5877106652cad53604ac04a14a842d3dc23617fe66733c932a137d13,1,1
679,48061592fd34b7e108291eca0f6878ff08243ea25f5c845b2ebc5ab7177466fe,1,1
683,c474749f6037bbb05e1ecbef46532a8f436b6300afd8f7330e1851b4e9f49524,1,1
688,c0364f0018f20d13a5b19bac51cab421cc45cee02c0a5c8f3817253326aa6fd0,1,1
693,f3511210081c184d6a569c60d6326f9a96b290db6ef42c86458cc392b3910725,1,1
700,f73cb574c22bc08ea2ef3f082a4162a50d53b61fc66c4cad42217d2c06e996f7,1,1
702,9db09645ec4d7124b8b2d7e43aea15f712a5bf10dc60d527dee69e8487d063a9,1,1
704,132df36b8e3904f2a8f5e4dddbe72dc08566d62341521598fd5baed25b26b6dd,1,1
706,64bade0fc7c42fffb24157690f544ae2d901bffcddf2750ef563b93169be78e9,1,1
707,166dac49da6c6319c4903f6d96ced1433382ac7e7b0b9b643637c3941afef121,1,1
708,c94df289e02c78256ecc801222780ffeb6ef074a2147ffc072ffabffccc6c9cb,1,1
711,738b4edd47405b714e481cb825fe067018472ebaa54ba4f9a71063563dcf22ea,1,1
716,899deeebc4e21109d37560fea0a739e48b15cf6916020f34e604cffdc9aef3ad,1,1
723,13166c267e096b57a91b1a19611c8ba4e300ea62f4ccdabe3c26661afc802d24,1,1
739,232625680f079fac2c9c9a44e7142f31fb2d76d228fb1a0ea49cb6ea3848bd1f,1,1
753,0f7d8a11271bbdbdf536917caf745570636389bb86ac48e8dcc16b31f3b4c207,1,1
761,56ed794bb41cc8b0436dbd85802840b0537aff9f3f628add2e97c6e01dcbdfeb,1,1
767,7937bda6cd33de0bfafa6ec0ca289bd879b4c142d2c706369e1f3851c985b83c,1,1
768,9586eccc2f1fd19f003aaaaaed561ebde5d43293c552f4e48e68096ca4b6eb80,1,1
771,639187832d4ec8ac8cf85856a8bebafa6c4802c392a5ef8b24692c141e72d129,1,1
775,0dda337325e343ae9a6394c159ece3c01d0c89d1eb4f6b7c0acc665417d56410,1,1
776,c3ae784e0d57f48f7aec9917019be7f89ce7156a3bd2965d95ac5dcaf8d63fd6,1,1
777,11a94cd6807582ca64a111926e6cb095f11669a04c5163968b449ab08519169b,1,1
780,064cf56a796e37ba4c805709f10f7643094e388fc6aed562269febb2c6d64214,1,1
787,5c252ed215d1ca8fefc702ccbde8ba063fd07106307ce3364d941b519421c656,1,1
794,d82a1049428da2684d1cedc36654981f417733c96a6f859b18d1508c35e4ce0a,1,1
799,93264dd72eaf8c42a7b16d06fcacd0232d09144976242f6aaea5c3b97a28d839,1,1
803,8445cf05de32f653f4d66ede09165d3ceb5fbdd77ed24e05564ecbee3d736f99,1,1
808,3e5269ff9a8c2a1f7dfb0917e1be119d2dd9e5414945925a4e9c4460ae24d8bf,1,1
809,29b6d4aee8ea1d2464493045bd0503316cf3382de1299e64a0ac42d5c85f3e05,1,1
810,313e894c84914db45228c6bca75024c8b92a96cd1feb327e314e8ff04cee4c21,1,1
812,6a6852496e2d3387fcff3833e487ab5b8f3c378663583e9c7941375a21878da4,1,1
813,147eef3468b811e9a96163bf9184f8f0e76957c94522fc4e0f2a1f2b48a67690,1,1
819,145f99be6277f665c3bad601180a6893047debb42948565f5aea4ef8e164a1ad,1,1
820,81c849ce411ed08d98eb39d0b3f3913b8dd021727fccf4691ebe969ed4af4881,1,1
822,73f4abde45bf01a6359e7f33811619e0dd305141831adfd002caee8ab18b081e,1,1
823,4f7b4d7463feec366f5d8e6606f27571218caeb5f886f27cdc133c776de834aa,1,1
824,4c64ceeaf8dd4c84bbe69a27ccfde0436bcd0bc482c3a7299f15daa70aa32af0,1,1
825,5363fe34ea4324f0d6931bb9bd5059b3400bb207ed85442aae9bb5eafc0e8916,1,1
826,515f2bf5a046b7f28cbbf92a6e95d91472b0a1ca6d7cbacde041bf49ffa3b351,1,1
